{"cameraMode":{"drawMode":0,"name":"Shaded","section":"Shading Mode"},"sceneLighting":false,"audioPlay":false,"sceneViewState":{"showFog":true,"showMaterialUpdate":false,"showSkybox":false,"showFlares":true,"showImageEffects":true,"showParticleSystems":true},"in2DMode":false,"pivot":{"x":8.300000190734864,"y":1.2000000476837159,"z":-0.04999995231628418},"rotation":{"x":0.41155198216438296,"y":0.5763980150222778,"z":-0.4157729744911194,"w":0.5705460906028748},"size":7.56125020980835,"orthographic":true}